Time,y_true,y_pred
2025-11-26 11:10:00,57,57.77635130943178
2025-11-26 11:15:00,43,56.71176955592418
2025-11-26 11:20:00,68,51.35006143219418
2025-11-26 11:25:00,55,55.0755040567285
2025-11-26 11:30:00,48,53.938932167212144
2025-11-26 11:35:00,54,52.110095083705055
2025-11-26 11:40:00,39,58.259010042756344
2025-11-26 11:45:00,47,54.253694925894294
2025-11-26 11:50:00,95,63.31474420172584
2025-11-26 11:55:00,103,121.11521802791678
2025-11-26 12:00:00,170,169.86209788625933
2025-11-26 12:05:00,167,178.23481468996977
2025-11-26 12:10:00,126,153.32553340803298
2025-11-26 12:15:00,146,145.70261265069564
2025-11-26 12:20:00,134,140.2997914089415
2025-11-26 12:25:00,152,134.99114512041788
2025-11-26 12:30:00,124,137.98734208384394
2025-11-26 12:35:00,116,124.8008461535074
2025-11-26 12:40:00,126,133.94468405188724
2025-11-26 12:45:00,130,118.06231664749217
2025-11-26 12:50:00,123,111.26183134400164
2025-11-26 12:55:00,130,102.38270617565061
2025-11-26 13:00:00,109,104.09892912600667
2025-11-26 13:05:00,102,85.90328460655569
2025-11-26 13:10:00,85,87.51241131095405
2025-11-26 13:15:00,87,87.3655339412299
2025-11-26 13:20:00,90,86.4620545699684
2025-11-26 13:25:00,71,84.1906246162632
2025-11-26 13:30:00,60,77.53445837176594
2025-11-26 13:35:00,42,73.95229309363225
2025-11-26 13:40:00,69,62.377374290961846
2025-11-26 13:45:00,60,61.169819579596805
2025-11-26 13:50:00,49,66.28876572417929
2025-11-26 13:55:00,70,75.09434447774606
2025-11-26 14:00:00,63,74.64647013501647
2025-11-26 14:05:00,100,67.43708878844946
2025-11-26 14:10:00,66,86.58947016604799
2025-11-26 14:15:00,62,74.56211765097639
2025-11-26 14:20:00,50,74.22725757904196
2025-11-26 14:25:00,49,66.50846783158507
2025-11-26 14:30:00,43,57.49947314358447
2025-11-26 14:35:00,63,50.224726850219746
2025-11-26 14:40:00,53,52.32335238906132
2025-11-26 14:45:00,61,53.561292553415804
2025-11-26 14:50:00,89,55.968763882286304
2025-11-26 14:55:00,98,65.74844147549183
2025-11-26 15:00:00,86,95.21189582179987
2025-11-26 15:05:00,46,73.12365745263418
2025-11-26 15:10:00,61,53.13464064423205
2025-11-26 15:15:00,54,58.1227443580529
2025-11-26 15:20:00,86,54.877735218290255
2025-11-26 15:25:00,74,59.26760432659095
2025-11-26 15:30:00,88,60.5168883105471
2025-11-26 15:35:00,55,81.50935386827437
2025-11-26 15:40:00,44,56.05720088979294
2025-11-26 15:45:00,53,51.08969731233494
2025-11-26 15:50:00,47,50.604235699019874
2025-11-26 15:55:00,44,60.02239375570568
2025-11-26 16:00:00,65,54.18082612048633
2025-11-26 16:05:00,64,53.538928514266644
2025-11-26 16:10:00,53,54.186723110670286
2025-11-26 16:15:00,54,55.45268574369975
2025-11-26 16:20:00,57,58.39274926683791
2025-11-26 16:25:00,34,56.73575115557058
2025-11-26 16:30:00,62,54.42274513999893
2025-11-26 16:35:00,67,55.6093966320498
2025-11-26 16:40:00,40,57.39658581384521
2025-11-26 16:45:00,66,52.37898004733609
2025-11-26 16:50:00,39,54.67657707390298
2025-11-26 16:55:00,43,52.18306261803144
2025-11-26 17:00:00,50,60.05794775880021
2025-11-26 17:05:00,31,51.92069037791061
2025-11-26 17:10:00,69,49.008809655366505
2025-11-26 17:15:00,48,48.6240307286939
2025-11-26 17:20:00,35,48.332572720571484
2025-11-26 17:25:00,45,48.854137361571155
2025-11-26 17:30:00,26,47.95598626509611
2025-11-26 17:35:00,75,46.20489355018828
2025-11-26 17:40:00,42,51.49828194528634
2025-11-26 17:45:00,56,48.18675644777432
2025-11-26 17:50:00,55,51.758481807417205
2025-11-26 17:55:00,61,61.61829973375268
2025-11-26 18:00:00,132,102.93983202105042
2025-11-26 18:05:00,103,114.80695024724709
2025-11-26 18:10:00,119,102.76553286332931
2025-11-26 18:15:00,123,112.67867046915639
2025-11-26 18:20:00,160,111.88905916068713
2025-11-26 18:25:00,127,147.0758130714989
2025-11-26 18:30:00,157,143.85583927074197
2025-11-26 18:35:00,165,158.3120696592493
2025-11-26 18:40:00,157,136.10004495066067
2025-11-26 18:45:00,129,140.19234383870645
2025-11-26 18:50:00,140,141.20863602202834
2025-11-26 18:55:00,138,144.03337455025004
2025-11-26 19:00:00,147,138.49010517965567
2025-11-26 19:05:00,142,142.72269136588187
2025-11-26 19:10:00,145,129.68114076571948
2025-11-26 19:15:00,147,124.40215817981387
2025-11-26 19:20:00,119,116.13901372185902
2025-11-26 19:25:00,113,121.93735741497925
2025-11-26 19:30:00,131,107.31013247810208
2025-11-26 19:35:00,98,105.60932521240805
2025-11-26 19:40:00,90,111.75807429654267
2025-11-26 19:45:00,52,67.66319468774212
2025-11-26 19:50:00,57,55.24418654127454
2025-11-26 19:55:00,63,55.74505508129097
2025-11-26 20:00:00,61,61.27413029909969
2025-11-26 20:05:00,46,60.29849793501318
2025-11-26 20:10:00,60,53.626713129015286
2025-11-26 20:15:00,30,46.55056722457723
2025-11-26 20:20:00,36,43.62598228631213
2025-11-26 20:25:00,51,32.60657631330985
2025-11-26 20:30:00,38,34.246289542994624
2025-11-26 20:35:00,25,33.46186499636139
2025-11-26 20:40:00,33,25.754566807605137
2025-11-26 20:45:00,44,25.43525905321272
2025-11-26 20:50:00,38,25.27531786405752
2025-11-26 20:55:00,23,25.644692819580538
2025-11-26 21:00:00,21,29.211564432127137
2025-11-26 21:05:00,29,23.465621934451384
2025-11-26 21:10:00,24,23.50519167693577
2025-11-26 21:15:00,13,22.743799788298166
2025-11-26 21:20:00,17,20.20996348810639
2025-11-26 21:25:00,13,20.913431438624873
2025-11-26 21:30:00,15,17.992788257109805
2025-11-26 21:35:00,16,17.8356623753767
2025-11-26 21:40:00,29,16.848565826525203
2025-11-26 21:45:00,15,14.582521812254214
2025-11-26 21:50:00,15,15.130062719786343
2025-11-26 21:55:00,14,12.272210015985246
2025-11-26 22:00:00,8,14.873362453955297
2025-11-26 22:05:00,18,11.590349802478784
2025-11-26 22:10:00,12,12.105552642384255
2025-11-26 22:15:00,6,9.964128411952263
2025-11-26 22:20:00,20,8.456350059743645
2025-11-26 22:25:00,14,10.351174783357214
2025-11-26 22:30:00,10,10.308951938559442
2025-11-26 22:35:00,7,8.90914972364233
2025-11-26 22:40:00,10,7.837086854318952
2025-11-26 22:45:00,11,8.762695303643119
2025-11-26 22:50:00,3,8.934436837309969
2025-11-26 22:55:00,10,6.124114957854243
2025-11-26 23:00:00,3,6.746035280956378
2025-11-26 23:05:00,5,5.562682999364354
2025-11-26 23:10:00,5,6.552489640854498
2025-11-26 23:15:00,3,4.3046069995292084
2025-11-26 23:20:00,7,4.549339194552852
2025-11-26 23:25:00,2,5.331044733975497
2025-11-26 23:30:00,6,3.460577565612934
2025-11-26 23:35:00,3,4.171619680447198
2025-11-26 23:40:00,2,3.183862572157084
2025-11-26 23:45:00,3,3.0707795037602392
2025-11-26 23:50:00,4,2.608869007653627
2025-11-26 23:55:00,1,3.4415867523839
2025-11-27 00:00:00,2,2.380224062291489
2025-11-27 00:05:00,2,2.292526181881604
2025-11-27 00:10:00,2,2.292526181881604
2025-11-27 00:15:00,2,2.0742031286016895
2025-11-27 00:20:00,4,2.179026558144653
2025-11-27 00:25:00,3,1.9023289082950308
2025-11-27 00:30:00,4,2.3642407269986747
2025-11-27 00:35:00,4,2.1241155282239688
2025-11-27 00:40:00,1,2.4549362369430923
2025-11-27 00:45:00,3,2.2672577750720913
2025-11-27 00:50:00,4,2.3269454182967553
2025-11-27 00:55:00,2,2.4549362369430923
2025-11-27 01:00:00,3,2.3512295489494845
2025-11-27 01:05:00,1,2.0742031286016895
2025-11-27 01:10:00,0,1.8120607951486583
2025-11-27 01:15:00,1,1.5262634473786232
2025-11-27 01:20:00,1,1.3462285631022408
2025-11-27 01:25:00,2,1.0724824722121007
2025-11-27 01:30:00,1,1.456669305911521
2025-11-27 01:35:00,0,1.3877596486433805
2025-11-27 01:40:00,1,0.7691740345553755
2025-11-27 01:45:00,1,1.001405012804746
2025-11-27 01:50:00,0,1.0855026738147424
2025-11-27 01:55:00,3,0.6805609911041955
2025-11-27 02:00:00,1,1.132112310768659
2025-11-27 02:05:00,1,0.9237642656869595
2025-11-27 02:10:00,0,0.9237642656869595
2025-11-27 02:15:00,1,0.5561847198998878
2025-11-27 02:20:00,0,0.6978160603526383
2025-11-27 02:25:00,0,0.509866121763114
2025-11-27 02:30:00,0,0.38087203958015803
2025-11-27 02:35:00,0,0.2849942912633193
2025-11-27 02:40:00,2,0.261865617526154
2025-11-27 02:45:00,2,0.8818799747816073
2025-11-27 02:50:00,1,1.1078281801159304
2025-11-27 02:55:00,0,1.0481405368912664
2025-11-27 03:00:00,0,0.5910725880952283
2025-11-27 03:05:00,0,0.3702683020375464
2025-11-27 03:10:00,0,0.3036710364849019
2025-11-27 03:15:00,0,0.2834084677282018
2025-11-27 03:20:00,2,0.261865617526154
2025-11-27 03:25:00,1,0.8971015233028679
2025-11-27 03:30:00,0,0.7084197978952499
2025-11-27 03:35:00,0,0.5667884574424994
2025-11-27 03:40:00,0,0.49464457324185346
2025-11-27 03:45:00,0,0.40778473893250905
2025-11-27 03:50:00,0,0.2940122052708134
2025-11-27 03:55:00,0,0.261865617526154
2025-11-27 04:00:00,0,0.32423307675800883
2025-11-27 04:05:00,1,0.24191774003364896
2025-11-27 04:10:00,0,0.4704089147957431
2025-11-27 04:15:00,0,0.32877757434299343
2025-11-27 04:20:00,0,0.4425501080046889
2025-11-27 04:25:00,0,0.24191774003364896
2025-11-27 04:30:00,0,0.24191774003364896
2025-11-27 04:35:00,0,0.24191774003364896
2025-11-27 04:40:00,0,0.24191774003364896
2025-11-27 04:45:00,0,0.24191774003364896
2025-11-27 04:50:00,0,0.24191774003364896
2025-11-27 04:55:00,3,0.304395075536345
2025-11-27 05:00:00,7,1.9805345446714682
2025-11-27 05:05:00,2,2.5007336636986452
2025-11-27 05:10:00,0,1.5827854936204753
2025-11-27 05:15:00,0,1.240659124970131
2025-11-27 05:20:00,0,1.1000353784170707
2025-11-27 05:25:00,0,0.8360628949908856
2025-11-27 05:30:00,0,0.448724845985877
2025-11-27 05:35:00,0,0.45092606406092955
2025-11-27 05:40:00,0,0.35300848180529765
2025-11-27 05:45:00,0,0.35300848180529765
2025-11-27 05:50:00,0,0.3692075741418481
2025-11-27 05:55:00,0,0.4554089740598186
2025-11-27 06:00:00,0,0.6296293538383483
2025-11-27 06:05:00,0,0.38726817831355514
2025-11-27 06:10:00,2,0.34517045286121684
2025-11-27 06:15:00,1,1.1842061914437796
2025-11-27 06:20:00,0,1.3998717888526326
2025-11-27 06:25:00,2,1.2840657344637545
2025-11-27 06:30:00,1,1.5839357032816022
2025-11-27 06:35:00,4,1.4104755263952444
2025-11-27 06:40:00,2,2.1769969324067047
2025-11-27 06:45:00,5,2.586430723660575
2025-11-27 06:50:00,7,3.4680832918285693
2025-11-27 06:55:00,5,4.258007555546595
2025-11-27 07:00:00,3,4.58290729129916
2025-11-27 07:05:00,4,4.040967480091696
2025-11-27 07:10:00,3,3.543642752068466
2025-11-27 07:15:00,7,4.002952632847781
2025-11-27 07:20:00,6,4.728335241928444
2025-11-27 07:25:00,11,5.450248904207079
2025-11-27 07:30:00,2,6.281644965627185
2025-11-27 07:35:00,3,5.242423244649116
2025-11-27 07:40:00,5,4.9544047223458865
2025-11-27 07:45:00,13,4.629914166229159
2025-11-27 07:50:00,2,8.590976704357313
2025-11-27 07:55:00,2,5.292575422355912
2025-11-27 08:00:00,5,4.686632815415687
2025-11-27 08:05:00,6,4.471584193614248
2025-11-27 08:10:00,5,4.958170987983275
2025-11-27 08:15:00,5,5.272421430181314
2025-11-27 08:20:00,3,5.126812583553956
2025-11-27 08:25:00,6,4.719758385347516
2025-11-27 08:30:00,4,5.576058361666275
2025-11-27 08:35:00,2,5.604405756382736
2025-11-27 08:40:00,6,4.920753025199813
2025-11-27 08:45:00,8,5.937166455445431
2025-11-27 08:50:00,10,7.691805652326672
2025-11-27 08:55:00,8,9.336303150145396
2025-11-27 09:00:00,8,9.537233649766911
2025-11-27 09:05:00,10,10.307812649402287
2025-11-27 09:10:00,12,10.307244680433538
2025-11-27 09:15:00,12,11.71639555370693
2025-11-27 09:20:00,11,12.237905238004185
2025-11-27 09:25:00,19,12.549537226355502
2025-11-27 09:30:00,32,16.08957616728273
2025-11-27 09:35:00,17,23.674765002667378
2025-11-27 09:40:00,19,24.728821004938254
2025-11-27 09:45:00,17,27.126998236935936
2025-11-27 09:50:00,20,26.988151510976014
2025-11-27 09:55:00,18,26.237389448083665
2025-11-27 10:00:00,34,30.452722633531888
2025-11-27 10:05:00,42,32.69662258808263
2025-11-27 10:10:00,27,38.85560899839021
2025-11-27 10:15:00,34,41.835223576318036
2025-11-27 10:20:00,41,39.328815187484395
2025-11-27 10:25:00,57,43.11190694264252
2025-11-27 10:30:00,72,51.634793513377
2025-11-27 10:35:00,45,56.64009623249297
2025-11-27 10:40:00,48,53.43893988856818
2025-11-27 10:45:00,51,51.2439591130008
2025-11-27 10:50:00,49,54.537099760090264
2025-11-27 10:55:00,57,59.35720918066131
2025-11-27 11:00:00,66,67.43642206075872
2025-11-27 11:05:00,60,57.889245907878376
2025-11-27 11:10:00,59,61.263970505403805
2025-11-27 11:15:00,48,58.083450376098355
2025-11-27 11:20:00,39,54.39052059854593
2025-11-27 11:25:00,32,48.416321763615436
2025-11-27 11:30:00,58,54.19057308399129
2025-11-27 11:35:00,36,56.026984699809326
2025-11-27 11:40:00,53,52.008408537277575
2025-11-27 11:45:00,52,54.938407336103765
2025-11-27 11:50:00,64,67.33562644422632
2025-11-27 11:55:00,119,91.78069836586256
2025-11-27 12:00:00,152,172.3347489508276
2025-11-27 12:05:00,125,159.1708648089744
2025-11-27 12:10:00,149,142.27553803994473
2025-11-27 12:15:00,167,152.07616281057867
2025-11-27 12:20:00,118,152.7322976357209
2025-11-27 12:25:00,138,148.3762391740505
2025-11-27 12:30:00,132,133.86521274373138
2025-11-27 12:35:00,112,125.98067242619246
2025-11-27 12:40:00,143,132.35616821544525
2025-11-27 12:45:00,139,118.0350345556175
2025-11-27 12:50:00,98,119.70651080701782
2025-11-27 12:55:00,129,109.74052849188887
2025-11-27 13:00:00,127,105.01557158234766
2025-11-27 13:05:00,87,107.97992997776518
2025-11-27 13:10:00,105,90.59010605211617
2025-11-27 13:15:00,87,86.48740033603676
2025-11-27 13:20:00,58,81.82182914737699
2025-11-27 13:25:00,84,90.52014800912275
2025-11-27 13:30:00,77,72.92541992938592
2025-11-27 13:35:00,80,72.52967521684364
2025-11-27 13:40:00,62,73.46733593134732
2025-11-27 13:45:00,49,69.16184284960019
2025-11-27 13:50:00,86,67.57470841688131
2025-11-27 13:55:00,109,80.71273268086654
2025-11-27 14:00:00,79,95.88845401090082
2025-11-27 14:05:00,76,80.3311716928882
2025-11-27 14:10:00,93,84.44010505636463
2025-11-27 14:15:00,94,77.05084799716064
2025-11-27 14:20:00,87,76.69597618145032
2025-11-27 14:25:00,54,79.67587427013821
2025-11-27 14:30:00,44,61.256825866746375
2025-11-27 14:35:00,73,57.34831300805929
2025-11-27 14:40:00,48,59.1012180655567
2025-11-27 14:45:00,56,56.662721744267614
2025-11-27 14:50:00,69,58.12758054028634
2025-11-27 14:55:00,69,63.207053038099374
2025-11-27 15:00:00,34,62.57949137235147
2025-11-27 15:05:00,65,56.93738961693927
2025-11-27 15:10:00,66,51.97310775494741
2025-11-27 15:15:00,53,57.589419600500236
2025-11-27 15:20:00,47,55.84721374758346
2025-11-27 15:25:00,84,56.42067908121801
2025-11-27 15:30:00,45,53.706342326721156
2025-11-27 15:35:00,49,59.21430376848121
2025-11-27 15:40:00,44,52.454924956505195
2025-11-27 15:45:00,53,48.762156096282204
2025-11-27 15:50:00,43,53.112207381227904
2025-11-27 15:55:00,57,61.50890292788175
2025-11-27 16:00:00,40,61.0245917099571
2025-11-27 16:05:00,69,53.790810712580154
2025-11-27 16:10:00,43,56.65679549162697
2025-11-27 16:15:00,55,60.40240247151306
2025-11-27 16:20:00,47,59.497776042243906
2025-11-27 16:25:00,62,55.84679732249663
2025-11-27 16:30:00,73,57.10832882166845
2025-11-27 16:35:00,44,59.86215151559036
2025-11-27 16:40:00,30,49.454745350323215
2025-11-27 16:45:00,64,49.76777771100903
2025-11-27 16:50:00,55,53.425845599318095
2025-11-27 16:55:00,52,55.64692849552536
2025-11-27 17:00:00,45,65.18280678101512
2025-11-27 17:05:00,59,44.63541697661379
2025-11-27 17:10:00,67,45.97726486363039
2025-11-27 17:15:00,48,52.56029787542108
2025-11-27 17:20:00,62,52.905060655284466
2025-11-27 17:25:00,46,55.893666749495395
2025-11-27 17:30:00,76,47.03946241337439
2025-11-27 17:35:00,40,54.22946356468066
2025-11-27 17:40:00,35,54.708107269935645
2025-11-27 17:45:00,40,42.92298709071176
2025-11-27 17:50:00,48,47.02858077687608
2025-11-27 17:55:00,43,57.621802461975506
2025-11-27 18:00:00,119,90.94818832440124
2025-11-27 18:05:00,104,104.69756962439045
2025-11-27 18:10:00,95,96.32794176858697
2025-11-27 18:15:00,114,110.18739295497893
2025-11-27 18:20:00,140,126.70563203665873
2025-11-27 18:25:00,115,136.0096829187356
2025-11-27 18:30:00,135,155.31488316467303
2025-11-27 18:35:00,164,156.32924232236755
2025-11-27 18:40:00,135,156.32427025429374
2025-11-27 18:45:00,124,127.2554164944118
2025-11-27 18:50:00,137,147.58913157810312
2025-11-27 18:55:00,125,138.63181450320755
2025-11-27 19:00:00,137,131.23733848696205
2025-11-27 19:05:00,153,143.1550437604754
2025-11-27 19:10:00,109,132.0259855621846
2025-11-27 19:15:00,123,128.65659086886953
2025-11-27 19:20:00,109,116.16566167039984
2025-11-27 19:25:00,84,114.52706543256028
2025-11-27 19:30:00,113,81.38607499425778
2025-11-27 19:35:00,104,83.0858308473891
2025-11-27 19:40:00,94,79.85506415472595
2025-11-27 19:45:00,51,72.24121243800106
2025-11-27 19:50:00,63,50.30392901868945
2025-11-27 19:55:00,78,55.71794977443393
2025-11-27 20:00:00,74,59.87284850155633
2025-11-27 20:05:00,70,61.70153520447236
2025-11-27 20:10:00,49,49.99654769163501
2025-11-27 20:15:00,55,48.659500400856544
2025-11-27 20:20:00,29,43.614829161680525
2025-11-27 20:25:00,62,40.638221047754435
2025-11-27 20:30:00,31,39.79555128430799
2025-11-27 20:35:00,19,39.03911219328649
2025-11-27 20:40:00,22,22.34425962616273
2025-11-27 20:45:00,41,22.33076507900779
2025-11-27 20:50:00,28,22.88183905718693
2025-11-27 20:55:00,21,23.035397940644042
2025-11-27 21:00:00,17,23.675712043322356
2025-11-27 21:05:00,51,21.617140297171478
2025-11-27 21:10:00,30,26.001935210213105
2025-11-27 21:15:00,24,27.191646166032935
2025-11-27 21:20:00,24,24.146628088376687
2025-11-27 21:25:00,19,22.147037546899856
2025-11-27 21:30:00,24,21.265578719549403
2025-11-27 21:35:00,27,18.336027995575957
2025-11-27 21:40:00,20,19.0764306979843
2025-11-27 21:45:00,14,17.930285080618056
2025-11-27 21:50:00,21,16.012883052136043
2025-11-27 21:55:00,25,16.319905660673193
2025-11-27 22:00:00,12,15.963686512878061
2025-11-27 22:05:00,18,14.70149544278498
2025-11-27 22:10:00,13,14.7100600628996
2025-11-27 22:15:00,9,12.68849373836813
2025-11-27 22:20:00,21,10.878661488924603
2025-11-27 22:25:00,10,12.568741447666751
2025-11-27 22:30:00,6,9.163973153113831
2025-11-27 22:35:00,28,8.255976173774183
2025-11-27 22:40:00,6,13.678434575362557
2025-11-27 22:45:00,3,9.937863771673227
2025-11-27 22:50:00,7,9.189090367332675
2025-11-27 22:55:00,14,7.001202752819621
2025-11-27 23:00:00,4,9.152053104124814
2025-11-27 23:05:00,11,6.131103164042617
2025-11-27 23:10:00,4,7.929696847264512
2025-11-27 23:15:00,14,5.966482281580897
2025-11-27 23:20:00,2,9.465001514825216
2025-11-27 23:25:00,5,5.844447347078095
2025-11-27 23:30:00,1,6.316400542387264
2025-11-27 23:35:00,3,3.9255753219947493
2025-11-27 23:40:00,3,2.9949362422876358
2025-11-27 23:45:00,3,2.694069121070424
2025-11-27 23:50:00,1,2.557482159788876
2025-11-27 23:55:00,2,3.046435224043541
2025-11-28 00:00:00,6,2.0077650124730497
2025-11-28 00:05:00,1,3.060797536173112
2025-11-28 00:10:00,3,1.9826220908649022
2025-11-28 00:15:00,4,2.522178948237067
2025-11-28 00:20:00,1,2.0657500331176855
2025-11-28 00:25:00,3,1.9197652203621018
2025-11-28 00:30:00,3,2.1463982357725526
2025-11-28 00:35:00,2,1.8596807954472878
2025-11-28 00:40:00,0,1.8596807954472878
2025-11-28 00:45:00,2,1.5221959803144407
2025-11-28 00:50:00,0,1.4014737154552792
2025-11-28 00:55:00,1,1.0146016122139443
2025-11-28 01:00:00,4,1.1272017157814866
2025-11-28 01:05:00,2,1.3238399392232083
2025-11-28 01:10:00,1,1.1958491205768718
2025-11-28 01:15:00,0,1.4357328543062213
2025-11-28 01:20:00,1,0.6393485727877497
2025-11-28 01:25:00,0,0.8801826471956645
2025-11-28 01:30:00,1,0.5135757224100347
2025-11-28 01:35:00,3,0.5719758837649084
2025-11-28 01:40:00,4,0.9713842659855891
2025-11-28 01:45:00,1,1.2785877658797258
2025-11-28 01:50:00,0,1.1517047690746018
2025-11-28 01:55:00,1,0.8554476570564598
2025-11-28 02:00:00,0,1.1334758794775819
2025-11-28 02:05:00,0,0.39842146524920413
2025-11-28 02:10:00,0,0.26147603572243316
2025-11-28 02:15:00,0,0.18977416587727425
2025-11-28 02:20:00,3,0.17184727697178614
2025-11-28 02:25:00,0,0.7606576091725259
2025-11-28 02:30:00,1,0.44756673321748575
2025-11-28 02:35:00,0,0.911696622760925
2025-11-28 02:40:00,0,0.44387770667119997
2025-11-28 02:45:00,2,0.2720797732650448
2025-11-28 02:50:00,0,0.7454360606512653
2025-11-28 02:55:00,0,0.44756673321748575
2025-11-28 03:00:00,0,0.4369629956748741
2025-11-28 03:05:00,0,0.1802940628721116
2025-11-28 03:10:00,1,0.1802940628721116
2025-11-28 03:15:00,1,0.3858851862698557
2025-11-28 03:20:00,0,0.6601779472633489
2025-11-28 03:25:00,0,0.4219962630542308
2025-11-28 03:30:00,0,0.2630618592575507
2025-11-28 03:35:00,0,0.18187988640722919
2025-11-28 03:40:00,0,0.18187988640722919
2025-11-28 03:45:00,1,0.277725531163437
2025-11-28 03:50:00,0,0.3695441208994852
2025-11-28 03:55:00,0,0.24513497035206278
2025-11-28 04:00:00,0,0.2251870928595575
2025-11-28 04:05:00,0,0.1440051200092358
2025-11-28 04:10:00,0,0.1440051200092358
2025-11-28 04:15:00,0,0.1440051200092358
2025-11-28 04:20:00,0,0.1440051200092358
2025-11-28 04:25:00,2,0.1440051200092358
2025-11-28 04:30:00,0,0.7454360606512653
2025-11-28 04:35:00,0,0.44756673321748575
2025-11-28 04:40:00,0,0.44756673321748575
2025-11-28 04:45:00,0,0.19089780041472323
2025-11-28 04:50:00,2,0.3000565986806209
2025-11-28 04:55:00,0,0.7454360606512653
2025-11-28 05:00:00,1,1.9373777670851662
2025-11-28 05:05:00,6,1.7884660509355257
2025-11-28 05:10:00,5,1.382351336732862
2025-11-28 05:15:00,2,1.9509081477836128
2025-11-28 05:20:00,0,2.1952627997049228
2025-11-28 05:25:00,0,1.7102479370750632
2025-11-28 05:30:00,0,1.2515984560499391
2025-11-28 05:35:00,0,0.7408998374786099
2025-11-28 05:40:00,0,0.3709845550699149
2025-11-28 05:45:00,0,0.3709845550699149
2025-11-28 05:50:00,0,0.3517269238984179
2025-11-28 05:55:00,0,0.3079310402756464
2025-11-28 06:00:00,0,0.2761123023367316
2025-11-28 06:05:00,0,0.45826343921097773
2025-11-28 06:10:00,0,0.377202726473149
2025-11-28 06:15:00,0,0.3857870157676366
2025-11-28 06:20:00,0,0.8231169966223253
2025-11-28 06:25:00,0,0.8231169966223253
2025-11-28 06:30:00,1,0.8231169966223253
2025-11-28 06:35:00,4,1.052987071362642
2025-11-28 06:40:00,12,1.8455321609405662
2025-11-28 06:45:00,2,4.204065877278974
2025-11-28 06:50:00,4,3.873928410478703
2025-11-28 06:55:00,7,4.091163345862413
2025-11-28 07:00:00,1,3.847205123408873
2025-11-28 07:05:00,3,3.03966753683871
2025-11-28 07:10:00,4,3.2356764555792754
2025-11-28 07:15:00,5,3.8433102189350064
2025-11-28 07:20:00,9,3.9387764523233044
2025-11-28 07:25:00,8,5.765384936500604
2025-11-28 07:30:00,2,5.9014573223124405
2025-11-28 07:35:00,5,4.976278498791378
2025-11-28 07:40:00,4,5.241089662358368
2025-11-28 07:45:00,1,4.303680807457221
2025-11-28 07:50:00,7,3.5107758644111415
2025-11-28 07:55:00,4,4.281354857471119
2025-11-28 08:00:00,5,3.9118240082872404
2025-11-28 08:05:00,10,4.770536419742541
2025-11-28 08:10:00,8,6.026580629252065
2025-11-28 08:15:00,9,6.2476692536713605
2025-11-28 08:20:00,9,7.991119392241248
2025-11-28 08:25:00,7,7.891545836160903
2025-11-28 08:30:00,11,7.742828579373969
2025-11-28 08:35:00,11,8.99466642734289
2025-11-28 08:40:00,8,10.565695852816562
2025-11-28 08:45:00,13,10.429956789919386
2025-11-28 08:50:00,11,12.472886588747853
2025-11-28 08:55:00,10,11.847673385088363
2025-11-28 09:00:00,9,11.907734548958182
2025-11-28 09:05:00,14,11.125147057112638
2025-11-28 09:10:00,12,12.963441807939272
2025-11-28 09:15:00,17,12.521276810407759
2025-11-28 09:20:00,14,17.46755282443109
2025-11-28 09:25:00,16,16.961402968738984
2025-11-28 09:30:00,21,17.85188334491062
2025-11-28 09:35:00,15,20.70412983506903
2025-11-28 09:40:00,22,21.558013854022597
2025-11-28 09:45:00,13,24.57179114951418
2025-11-28 09:50:00,21,21.37792420953523
2025-11-28 09:55:00,19,25.228703461625127
2025-11-28 10:00:00,25,29.207442389329646
2025-11-28 10:05:00,39,29.74052572266565
2025-11-28 10:10:00,34,35.62567590681518
2025-11-28 10:15:00,52,39.462035548545
2025-11-28 10:20:00,34,49.35821089085398
2025-11-28 10:25:00,42,44.95817172812534
2025-11-28 10:30:00,42,49.34412829499403
2025-11-28 10:35:00,33,46.44713718515117
2025-11-28 10:40:00,70,46.010035667223285
2025-11-28 10:45:00,40,60.49195727421327
2025-11-28 10:50:00,89,56.934222112894254
2025-11-28 10:55:00,79,70.79747095641186
2025-11-28 11:00:00,76,78.13565187292949
2025-11-28 11:05:00,102,73.33882510538488
2025-11-28 11:10:00,72,85.26838333344807
2025-11-28 11:15:00,71,63.57850555117656
2025-11-28 11:20:00,54,67.91117678664865
2025-11-28 11:25:00,47,60.03595464424916
2025-11-28 11:30:00,39,55.76319577941664
2025-11-28 11:35:00,59,58.762050101493855
2025-11-28 11:40:00,46,55.53714720063139
2025-11-28 11:45:00,72,56.32706305334772
2025-11-28 11:50:00,67,86.29672175363825
2025-11-28 11:55:00,103,91.17434976443718
2025-11-28 12:00:00,169,160.05000861153766
2025-11-28 12:05:00,165,158.91238746020423
2025-11-28 12:10:00,196,168.9986796909653
2025-11-28 12:15:00,183,158.07709528556578
2025-11-28 12:20:00,158,162.1503765856544
2025-11-28 12:25:00,180,139.12085817878832
2025-11-28 12:30:00,127,150.11915212344294
2025-11-28 12:35:00,117,128.8372662436104
2025-11-28 12:40:00,151,134.30498552358307
2025-11-28 12:45:00,147,121.849990859465
2025-11-28 12:50:00,123,116.22383600882762
2025-11-28 12:55:00,118,105.39183038356794
2025-11-28 13:00:00,97,97.2625885171935
2025-11-28 13:05:00,96,80.74024937545187
2025-11-28 13:10:00,77,95.27873475059297
2025-11-28 13:15:00,65,85.9803711144629
2025-11-28 13:20:00,47,86.1172897166629
2025-11-28 13:25:00,47,55.625933947547125
2025-11-28 13:30:00,60,62.23335531462945
2025-11-28 13:35:00,79,60.96205875112798
2025-11-28 13:40:00,92,64.35123863527556
2025-11-28 13:45:00,90,68.72614600482365
2025-11-28 13:50:00,73,83.96339547411239
2025-11-28 13:55:00,125,84.54095225366935
2025-11-28 14:00:00,65,91.05588786624593
2025-11-28 14:05:00,46,79.89256761517275
2025-11-28 14:10:00,58,70.99941361249884
2025-11-28 14:15:00,62,73.41439629299673
2025-11-28 14:20:00,70,73.04989017134521
2025-11-28 14:25:00,75,73.6400069425897
2025-11-28 14:30:00,43,57.30381505652563
2025-11-28 14:35:00,42,52.05855724707147
2025-11-28 14:40:00,60,50.41500066923747
2025-11-28 14:45:00,51,54.230857463525304
2025-11-28 14:50:00,45,54.56362472463943
2025-11-28 14:55:00,81,56.27859792551435
2025-11-28 15:00:00,71,57.325489086534226
2025-11-28 15:05:00,63,65.65468998392237
2025-11-28 15:10:00,34,58.95850480825411
2025-11-28 15:15:00,69,57.218574537241274
2025-11-28 15:20:00,84,49.370984205870755
2025-11-28 15:25:00,79,47.903052867443904
2025-11-28 15:30:00,51,57.16098288558103
2025-11-28 15:35:00,58,59.86487137796898
2025-11-28 15:40:00,62,51.51464434704429
2025-11-28 15:45:00,59,53.175998509724536
2025-11-28 15:50:00,45,53.365428540902364
2025-11-28 15:55:00,60,66.83918786423072
2025-11-28 16:00:00,54,54.37506643883469
2025-11-28 16:05:00,80,53.3981519254811
2025-11-28 16:10:00,53,59.6805472161625
2025-11-28 16:15:00,60,57.26407452147452
2025-11-28 16:20:00,78,62.503081661042614
2025-11-28 16:25:00,70,55.52748405582098
2025-11-28 16:30:00,48,56.19242482155465
2025-11-28 16:35:00,76,58.124609090501636
2025-11-28 16:40:00,58,59.0388874826388
2025-11-28 16:45:00,63,49.3912137700653
2025-11-28 16:50:00,44,55.17061663907223
2025-11-28 16:55:00,54,64.50752831993464
2025-11-28 17:00:00,54,56.224796317487396
2025-11-28 17:05:00,51,46.24562927430686
2025-11-28 17:10:00,39,46.62889375207603
2025-11-28 17:15:00,41,48.784081270416664
2025-11-28 17:20:00,60,46.92486682595897
2025-11-28 17:25:00,47,47.924087873692265
2025-11-28 17:30:00,40,43.859236266596945
2025-11-28 17:35:00,59,36.95124636659915
2025-11-28 17:40:00,72,43.825108449146626
2025-11-28 17:45:00,58,65.18970945056654
2025-11-28 17:50:00,53,55.79380418680926
2025-11-28 17:55:00,56,74.83744734905314
2025-11-28 18:00:00,87,98.61065270456861
2025-11-28 18:05:00,111,96.07192305363026
2025-11-28 18:10:00,115,100.67827624383338
2025-11-28 18:15:00,112,114.43439524866646
2025-11-28 18:20:00,112,125.7442876900886
2025-11-28 18:25:00,124,121.98173989715553
2025-11-28 18:30:00,158,153.63474613739422
2025-11-28 18:35:00,152,167.56527872044268
2025-11-28 18:40:00,148,148.8234203689915
2025-11-28 18:45:00,149,139.42357609093702
2025-11-28 18:50:00,131,134.08242820398078
2025-11-28 18:55:00,120,138.7352471788481
2025-11-28 19:00:00,160,140.9566100329998
2025-11-28 19:05:00,124,142.86804726499233
2025-11-28 19:10:00,124,124.40655155626152
2025-11-28 19:15:00,138,125.09602083397907
2025-11-28 19:20:00,116,125.97052689992962
2025-11-28 19:25:00,98,113.61011224770617
2025-11-28 19:30:00,98,105.93508782126855
2025-11-28 19:35:00,103,84.53160441733121
2025-11-28 19:40:00,76,81.06750458682833
2025-11-28 19:45:00,48,68.72545836534928
2025-11-28 19:50:00,38,47.135811619126756
2025-11-28 19:55:00,25,52.11722124355536
2025-11-28 20:00:00,52,38.34985360695385
2025-11-28 20:05:00,30,41.56039229747726
2025-11-28 20:10:00,28,42.154314875033904
2025-11-28 20:15:00,35,26.388953182551976
2025-11-28 20:20:00,31,27.968909432589683
2025-11-28 20:25:00,39,20.69498057315893
2025-11-28 20:30:00,23,24.02003568049693
2025-11-28 20:35:00,13,26.156467049878305
2025-11-28 20:40:00,11,16.859779662727234
2025-11-28 20:45:00,11,16.946420290197022
2025-11-28 20:50:00,7,15.654125733631302
2025-11-28 20:55:00,15,13.67733184267919
2025-11-28 21:00:00,13,14.925576824496815
2025-11-28 21:05:00,17,9.914955473903627
2025-11-28 21:10:00,9,15.702958474264507
2025-11-28 21:15:00,10,11.218872230683646
2025-11-28 21:20:00,23,11.236468516766829
2025-11-28 21:25:00,13,14.356803378873353
2025-11-28 21:30:00,17,13.823943766392597
2025-11-28 21:35:00,8,14.006896551885559
2025-11-28 21:40:00,9,10.405621710332452
2025-11-28 21:45:00,17,9.182218286456761
2025-11-28 21:50:00,14,10.876381420083115
2025-11-28 21:55:00,7,11.441923974552449
2025-11-28 22:00:00,7,8.61027865960189
2025-11-28 22:05:00,3,6.811475674126304
2025-11-28 22:10:00,9,5.78642258224015
2025-11-28 22:15:00,8,6.142706732796782
2025-11-28 22:20:00,9,7.347463772853244
2025-11-28 22:25:00,6,7.433346018716443
2025-11-28 22:30:00,9,7.101627527141712
2025-11-28 22:35:00,8,6.7464019461229485
2025-11-28 22:40:00,4,6.7464019461229485
2025-11-28 22:45:00,9,6.927979847449132
2025-11-28 22:50:00,1,7.143529533508634
2025-11-28 22:55:00,8,3.193578168945656
2025-11-28 23:00:00,2,5.428581057234486
2025-11-28 23:05:00,2,2.7436775897875627
2025-11-28 23:10:00,1,2.84497809996997
2025-11-28 23:15:00,7,2.681875602584861
2025-11-28 23:20:00,3,2.8194143006351626
2025-11-28 23:25:00,12,2.756009882331054
2025-11-28 23:30:00,4,4.922110642819391
2025-11-28 23:35:00,5,4.2051441034069175
2025-11-28 23:40:00,0,4.549174050790723
2025-11-28 23:45:00,6,2.870590186061638
2025-11-28 23:50:00,6,2.8941857737283936
2025-11-28 23:55:00,2,3.1333075323475
2025-11-29 00:00:00,2,2.653781633165115
2025-11-29 00:05:00,5,2.3318831601988896
2025-11-29 00:10:00,3,2.6638451476524727
2025-11-29 00:15:00,0,2.7301845962671822
2025-11-29 00:20:00,2,2.2122065449016795
2025-11-29 00:25:00,1,2.357098924025767
2025-11-29 00:30:00,0,1.5302694546229945
2025-11-29 00:35:00,2,1.2607541839553262
2025-11-29 00:40:00,2,0.9805046527851612
2025-11-29 00:45:00,1,1.474816098405993
2025-11-29 00:50:00,0,1.4000222666185294
2025-11-29 00:55:00,1,0.7637248439920568
2025-11-29 01:00:00,1,0.7405848274700964
2025-11-29 01:05:00,0,0.9384550221417897
2025-11-29 01:10:00,1,0.6087609290810297
2025-11-29 01:15:00,2,0.5464054136016535
2025-11-29 01:20:00,2,0.7348323231086538
2025-11-29 01:25:00,1,0.9866058145068497
2025-11-29 01:30:00,1,0.7979240890992285
2025-11-29 01:35:00,3,0.7979240890992285
2025-11-29 01:40:00,0,1.1664051233213835
2025-11-29 01:45:00,0,0.6735149385518068
2025-11-29 01:50:00,1,0.44756673321748575
2025-11-29 01:55:00,0,0.3964889238124673
2025-11-29 02:00:00,1,0.26147603572243316
2025-11-29 02:05:00,2,0.5613721462222968
2025-11-29 02:10:00,1,0.7348323231086538
2025-11-29 02:15:00,1,0.787320351556617
2025-11-29 02:20:00,1,0.787320351556617
2025-11-29 02:25:00,0,0.5871974322861689
2025-11-29 02:30:00,0,0.44756673321748575
2025-11-29 02:35:00,0,0.44387770667119997
2025-11-29 02:40:00,0,0.19089780041472323
2025-11-29 02:45:00,0,0.18187988640722919
2025-11-29 02:50:00,0,0.18187988640722919
2025-11-29 02:55:00,0,0.16395299750174108
2025-11-29 03:00:00,0,0.21138046603076055
2025-11-29 03:05:00,0,0.277725531163437
2025-11-29 03:10:00,0,0.16395299750174108
2025-11-29 03:15:00,0,0.16395299750174108
2025-11-29 03:20:00,0,0.16395299750174108
2025-11-29 03:25:00,0,0.16395299750174108
2025-11-29 03:30:00,0,0.16395299750174108
2025-11-29 03:35:00,0,0.16395299750174108
2025-11-29 03:40:00,0,0.16395299750174108
2025-11-29 03:45:00,0,0.16395299750174108
2025-11-29 03:50:00,0,0.16395299750174108
2025-11-29 03:55:00,0,0.16395299750174108
2025-11-29 04:00:00,0,0.19143258853825534
2025-11-29 04:05:00,0,0.1440051200092358
2025-11-29 04:10:00,0,0.1440051200092358
2025-11-29 04:15:00,0,0.1440051200092358
2025-11-29 04:20:00,0,0.1440051200092358
2025-11-29 04:25:00,0,0.1440051200092358
2025-11-29 04:30:00,0,0.1440051200092358
2025-11-29 04:35:00,0,0.1440051200092358
2025-11-29 04:40:00,1,0.1440051200092358
2025-11-29 04:45:00,2,0.38747100980497323
2025-11-29 04:50:00,0,0.7454360606512653
2025-11-29 04:55:00,0,0.44756673321748575
2025-11-29 05:00:00,4,1.2834550262304962
2025-11-29 05:05:00,5,1.5534687859452798
2025-11-29 05:10:00,0,1.7132815448857075
2025-11-29 05:15:00,0,0.9707581744606896
2025-11-29 05:20:00,0,0.8125936642320818
2025-11-29 05:25:00,0,0.3195482525527129
2025-11-29 05:30:00,0,0.30432670403145246
2025-11-29 05:35:00,0,0.3257599643942919
2025-11-29 05:40:00,0,0.22784238213865998
2025-11-29 05:45:00,0,0.28656228666862404
2025-11-29 05:50:00,0,0.25277563240235357
2025-11-29 05:55:00,0,0.2627064496000232
2025-11-29 06:00:00,0,0.3021650906718867
2025-11-29 06:05:00,0,0.3385288525849756
2025-11-29 06:10:00,0,0.2109458546052853
2025-11-29 06:15:00,0,0.23111096459450348
2025-11-29 06:20:00,0,0.4149726251592148
2025-11-29 06:25:00,0,0.4149726251592148
2025-11-29 06:30:00,1,0.4149726251592148
2025-11-29 06:35:00,0,0.7361171788885069
2025-11-29 06:40:00,0,0.6117080283410842
2025-11-29 06:45:00,0,0.7513609061783738
2025-11-29 06:50:00,0,0.6607462092626856
2025-11-29 06:55:00,0,0.6607462092626856
2025-11-29 07:00:00,0,0.6079112997198614
2025-11-29 07:05:00,0,0.4771241862570448
2025-11-29 07:10:00,0,0.5002968565668044
2025-11-29 07:15:00,1,0.5871411079124682
2025-11-29 07:20:00,5,0.9522827668358028
2025-11-29 07:25:00,1,1.8825548363974243
2025-11-29 07:30:00,0,1.426314711146521
2025-11-29 07:35:00,0,1.3019055605990986
2025-11-29 07:40:00,0,0.9004703953123362
2025-11-29 07:45:00,4,0.77019643813679
2025-11-29 07:50:00,1,2.01845521181103
2025-11-29 07:55:00,6,1.4778820111338902
2025-11-29 08:00:00,2,2.2274723166394295
2025-11-29 08:05:00,3,2.1331703363331918
2025-11-29 08:10:00,1,2.38616113963918
2025-11-29 08:15:00,0,2.276180010335812
2025-11-29 08:20:00,1,1.9670677025309364
2025-11-29 08:25:00,0,1.8710185532294483
2025-11-29 08:30:00,0,1.1094628674931866
2025-11-29 08:35:00,0,1.1094628674931866
2025-11-29 08:40:00,0,0.9770860118703166
2025-11-29 08:45:00,0,0.9770860118703166
2025-11-29 08:50:00,0,0.8698934892181079
2025-11-29 08:55:00,1,1.1050563041612225
2025-11-29 09:00:00,1,0.9785534129854295
2025-11-29 09:05:00,0,1.1540403729378697
2025-11-29 09:10:00,5,1.0512237835948193
2025-11-29 09:15:00,0,2.064895791570961
2025-11-29 09:20:00,3,1.3183615767326833
2025-11-29 09:25:00,4,1.837077047566132
2025-11-29 09:30:00,4,2.0875806086231563
2025-11-29 09:35:00,0,2.4833485997129294
2025-11-29 09:40:00,0,2.2060465170017736
2025-11-29 09:45:00,0,1.791942705403622
2025-11-29 09:50:00,0,1.337885538274824
2025-11-29 09:55:00,0,0.8298251713704237
2025-11-29 10:00:00,2,1.2702198726923344
2025-11-29 10:05:00,3,1.8170236259870318
2025-11-29 10:10:00,0,2.0634246899295796
2025-11-29 10:15:00,0,1.5756427171092406
2025-11-29 10:20:00,1,1.34969451177492
2025-11-29 10:25:00,1,1.744137633987325
2025-11-29 10:30:00,0,1.5276333282824675
2025-11-29 10:35:00,1,1.4032241777350454
2025-11-29 10:40:00,3,1.5276333282824675
2025-11-29 10:45:00,0,1.927041710503148
2025-11-29 10:50:00,2,1.6807396830567352
2025-11-29 10:55:00,0,1.9786090104905172
2025-11-29 11:00:00,1,1.3690146686397444
2025-11-29 11:05:00,1,1.4934238191871665
2025-11-29 11:10:00,0,1.0204012648593002
2025-11-29 11:15:00,0,1.0031908103633065
2025-11-29 11:20:00,1,0.8274021725453876
2025-11-29 11:25:00,0,1.0480195083421016
2025-11-29 11:30:00,0,0.9083888092734177
2025-11-29 11:35:00,0,0.880201255479952
2025-11-29 11:40:00,3,0.7681176741805026
2025-11-29 11:45:00,0,1.4192283525352078
2025-11-29 11:50:00,0,0.7391368602346272
2025-11-29 11:55:00,1,0.4716068741487714
2025-11-29 12:00:00,2,1.6158390057683631
2025-11-29 12:05:00,1,1.6268975753179726
2025-11-29 12:10:00,1,1.476934244888964
2025-11-29 12:15:00,3,1.5353306115851424
2025-11-29 12:20:00,1,1.671307532595933
2025-11-29 12:25:00,2,1.5236726417734459
2025-11-29 12:30:00,4,1.8769321274743396
2025-11-29 12:35:00,4,2.3407784119082065
2025-11-29 12:40:00,1,2.6704987365486144
2025-11-29 12:45:00,3,2.286610666372714
2025-11-29 12:50:00,1,2.397114843752486
2025-11-29 12:55:00,0,2.6966772211939936
2025-11-29 13:00:00,0,2.272655988978781
2025-11-29 13:05:00,1,1.4432484123221752
2025-11-29 13:10:00,1,1.5444846670045218
2025-11-29 13:15:00,2,1.7435773985096503
2025-11-29 13:20:00,1,2.1429857807303354
2025-11-29 13:25:00,3,1.9953508899078456
2025-11-29 13:30:00,7,2.153589518272947
2025-11-29 13:35:00,3,2.795459763178698
2025-11-29 13:40:00,2,3.4783540366497925
2025-11-29 13:45:00,2,2.8611329312680733
2025-11-29 13:50:00,4,3.184211121585775
2025-11-29 13:55:00,0,3.4822125645814497
2025-11-29 14:00:00,2,2.958569601204971
2025-11-29 14:05:00,0,2.1169926017975715
2025-11-29 14:10:00,0,1.4392523217465871
2025-11-29 14:15:00,1,1.3467261532529866
2025-11-29 14:20:00,4,1.1376460056825648
2025-11-29 14:25:00,4,1.866357452565894
2025-11-29 14:30:00,0,1.7967004940947124
2025-11-29 14:35:00,2,1.364715995944252
2025-11-29 14:40:00,3,1.7785773739626578
2025-11-29 14:45:00,1,2.2569760358608266
2025-11-29 14:50:00,4,2.2871131844681627
2025-11-29 14:55:00,2,2.588564180000859
2025-11-29 15:00:00,1,2.097856014793629
2025-11-29 15:05:00,3,1.961348642776346
2025-11-29 15:10:00,1,2.371816988112904
2025-11-29 15:15:00,2,1.9849544143290343
2025-11-29 15:20:00,2,1.7183423409237597
2025-11-29 15:25:00,0,2.4293166260548515
2025-11-29 15:30:00,1,1.362956023984508
2025-11-29 15:35:00,0,1.2940999842186274
2025-11-29 15:40:00,1,0.9935852857794126
2025-11-29 15:45:00,1,1.2457169779312731
2025-11-29 15:50:00,1,1.6374394440263826
2025-11-29 15:55:00,2,1.4950053526047904
2025-11-29 16:00:00,0,1.6644878140593435
2025-11-29 16:05:00,1,1.3195690861296858
2025-11-29 16:10:00,1,1.4176014657261196
2025-11-29 16:15:00,1,1.4412072372788087
2025-11-29 16:20:00,0,1.4833073984620746
2025-11-29 16:25:00,1,1.3847235339785244
2025-11-29 16:30:00,1,1.4657235822112205
2025-11-29 16:35:00,0,1.1291190037099859
2025-11-29 16:40:00,1,0.9674814078227991
2025-11-29 16:45:00,3,1.0918905583702205
2025-11-29 16:50:00,3,1.5262767937063804
2025-11-29 16:55:00,2,1.497478548678377
2025-11-29 17:00:00,0,1.3093673198756317
2025-11-29 17:05:00,1,1.2315373093996225
2025-11-29 17:10:00,0,1.204376750294173
2025-11-29 17:15:00,1,0.733065554011206
2025-11-29 17:20:00,5,1.0329616645110684
2025-11-29 17:25:00,0,1.7007593296325474
2025-11-29 17:30:00,0,1.1873842975079432
2025-11-29 17:35:00,1,1.028624474868365
2025-11-29 17:40:00,1,0.8871853869035287
2025-11-29 17:45:00,2,1.1213922513859313
2025-11-29 17:50:00,0,1.135695132797046
2025-11-29 17:55:00,1,-0.9950096207254161
2025-11-29 18:00:00,1,5.697977291874431
2025-11-29 18:05:00,1,0.459960254800569
2025-11-29 18:10:00,1,0.5938307376762457
2025-11-29 18:15:00,6,0.9252557763088937
2025-11-29 18:20:00,1,1.9234622345931216
2025-11-29 18:25:00,2,1.3720501250428816
2025-11-29 18:30:00,0,1.8391093678842771
2025-11-29 18:35:00,0,1.188403939144529
2025-11-29 18:40:00,2,1.0082108561421115
2025-11-29 18:45:00,0,1.229997463885657
2025-11-29 18:50:00,3,0.7461322746510408
2025-11-29 18:55:00,1,1.3724602251761082
2025-11-29 19:00:00,0,0.8577100488572327
2025-11-29 19:05:00,2,1.2237964348868224
2025-11-29 19:10:00,0,1.0396317164697906
2025-11-29 19:15:00,0,1.7553437464841428
2025-11-29 19:20:00,3,0.5830025663964326
2025-11-29 19:25:00,2,0.9066971798940848
2025-11-29 19:30:00,0,1.1260807321792128
2025-11-29 19:35:00,2,0.8282114047454316
2025-11-29 19:40:00,0,1.1260807321792128
2025-11-29 19:45:00,1,0.5413457370775829
2025-11-29 19:50:00,1,0.7637429776072986
2025-11-29 19:55:00,3,0.665754887625006
2025-11-29 20:00:00,2,1.0070867758334254
2025-11-29 20:05:00,0,1.1212017696154277
2025-11-29 20:10:00,0,0.9176101961103103
2025-11-29 20:15:00,2,0.5331856877505871
2025-11-29 20:20:00,1,0.8078821193192915
2025-11-29 20:25:00,4,0.6529574542388039
2025-11-29 20:30:00,1,1.16513510658456
2025-11-29 20:35:00,3,1.0361265465072957
2025-11-29 20:40:00,1,1.4046075807294494
2025-11-29 20:45:00,1,1.3902522778558244
2025-11-29 20:50:00,0,1.21315663470787
2025-11-29 20:55:00,0,1.0680579256834895
2025-11-29 21:00:00,0,0.42937645631414395
2025-11-29 21:05:00,1,0.1779002589691082
2025-11-29 21:10:00,0,0.3899313884258229
2025-11-29 21:15:00,0,0.41802865445480963
2025-11-29 21:20:00,0,0.28842872919351853
2025-11-29 21:25:00,0,0.4803504713107478
2025-11-29 21:30:00,0,0.3579786218257713
2025-11-29 21:35:00,0,0.5430018903850352
2025-11-29 21:40:00,0,0.41574421776756676
2025-11-29 21:45:00,0,0.41574421776756676
2025-11-29 21:50:00,0,0.41574421776756676
2025-11-29 21:55:00,3,0.41574421776756676
2025-11-29 22:00:00,0,0.7506167667880568
2025-11-29 22:05:00,2,0.45274743935427647
2025-11-29 22:10:00,1,0.9765649721223805
2025-11-29 22:15:00,0,0.5613721462222968
2025-11-29 22:20:00,0,0.4369629956748741
2025-11-29 22:25:00,0,0.28730132178630524
2025-11-29 22:30:00,0,0.19089780041472323
2025-11-29 22:35:00,0,0.19089780041472323
2025-11-29 22:40:00,0,0.18187988640722919
2025-11-29 22:45:00,1,0.21063570351651245
2025-11-29 22:50:00,1,0.38747100980497323
2025-11-29 22:55:00,0,0.6601779472633489
2025-11-29 23:00:00,0,0.4219962630542308
2025-11-29 23:05:00,1,0.37683439291924636
2025-11-29 23:10:00,1,0.3858851862698557
2025-11-29 23:15:00,0,0.5464054136016535
2025-11-29 23:20:00,0,0.4369629956748741
2025-11-29 23:25:00,1,0.2630618592575507
2025-11-29 23:30:00,0,0.3964889238124673
2025-11-29 23:35:00,0,0.2720797732650448
2025-11-29 23:40:00,0,0.2630618592575507
2025-11-29 23:45:00,0,0.18187988640722919
2025-11-29 23:50:00,0,0.18187988640722919
2025-11-29 23:55:00,0,0.18187988640722919
2025-11-30 00:00:00,0,0.17614347154651147
2025-11-30 00:05:00,0,0.12871600301749192
2025-11-30 00:10:00,0,0.12871600301749192
2025-11-30 00:15:00,0,0.12871600301749192
2025-11-30 00:20:00,0,0.12871600301749192
2025-11-30 00:25:00,0,0.12871600301749192
2025-11-30 00:30:00,0,0.12871600301749192
2025-11-30 00:35:00,0,0.12871600301749192
2025-11-30 00:40:00,0,0.12871600301749192
2025-11-30 00:45:00,0,0.12871600301749192
2025-11-30 00:50:00,1,0.12871600301749192
2025-11-30 00:55:00,0,0.38747100980497323
2025-11-30 01:00:00,0,0.2630618592575507
2025-11-30 01:05:00,0,0.2630618592575507
2025-11-30 01:10:00,0,0.18187988640722919
2025-11-30 01:15:00,0,0.18187988640722919
2025-11-30 01:20:00,0,0.18187988640722919
2025-11-30 01:25:00,0,0.12871600301749192
2025-11-30 01:30:00,0,0.12871600301749192
2025-11-30 01:35:00,0,0.12871600301749192
2025-11-30 01:40:00,0,0.12871600301749192
2025-11-30 01:45:00,0,0.12871600301749192
2025-11-30 01:50:00,0,0.12871600301749192
2025-11-30 01:55:00,0,0.12871600301749192
2025-11-30 02:00:00,0,0.17614347154651147
2025-11-30 02:05:00,0,0.12871600301749192
2025-11-30 02:10:00,0,0.12871600301749192
2025-11-30 02:15:00,0,0.12871600301749192
2025-11-30 02:20:00,0,0.12871600301749192
2025-11-30 02:25:00,0,0.12871600301749192
2025-11-30 02:30:00,0,0.12871600301749192
2025-11-30 02:35:00,1,0.12871600301749192
2025-11-30 02:40:00,0,0.38747100980497323
2025-11-30 02:45:00,0,0.2630618592575507
2025-11-30 02:50:00,0,0.2630618592575507
2025-11-30 02:55:00,0,0.18187988640722919
2025-11-30 03:00:00,0,0.2293073549362486
2025-11-30 03:05:00,0,0.18187988640722919
2025-11-30 03:10:00,0,0.12871600301749192
2025-11-30 03:15:00,0,0.12871600301749192
2025-11-30 03:20:00,0,0.12871600301749192
2025-11-30 03:25:00,0,0.12871600301749192
2025-11-30 03:30:00,0,0.12871600301749192
2025-11-30 03:35:00,0,0.12871600301749192
2025-11-30 03:40:00,1,0.12871600301749192
2025-11-30 03:45:00,0,0.38747100980497323
2025-11-30 03:50:00,0,0.2630618592575507
2025-11-30 03:55:00,0,0.2630618592575507
2025-11-30 04:00:00,0,0.2293073549362486
2025-11-30 04:05:00,1,0.18187988640722919
2025-11-30 04:10:00,0,0.38747100980497323
2025-11-30 04:15:00,0,0.2630618592575507
2025-11-30 04:20:00,0,0.2630618592575507
2025-11-30 04:25:00,0,0.18187988640722919
2025-11-30 04:30:00,0,0.18187988640722919
2025-11-30 04:35:00,0,0.18187988640722919
2025-11-30 04:40:00,0,0.12871600301749192
2025-11-30 04:45:00,0,0.12871600301749192
2025-11-30 04:50:00,0,0.12871600301749192
2025-11-30 04:55:00,2,0.19119333852018816
2025-11-30 05:00:00,7,2.066414307489584
2025-11-30 05:05:00,0,2.069466493350998
2025-11-30 05:10:00,0,0.7543040567620549
2025-11-30 05:15:00,0,0.7272692054508195
2025-11-30 05:20:00,0,0.3768183561993988
2025-11-30 05:25:00,0,0.3387802948404997
2025-11-30 05:30:00,0,0.32355874631923925
2025-11-30 05:35:00,0,0.3143204584832981
2025-11-30 05:40:00,0,0.22784238213865998
2025-11-30 05:45:00,0,0.22784238213865998
2025-11-30 05:50:00,0,0.25277563240235357
2025-11-30 05:55:00,0,0.3065023332227949
2025-11-30 06:00:00,0,0.45134307133088375
2025-11-30 06:05:00,0,0.19335184443008638
2025-11-30 06:10:00,0,0.2109458546052853
2025-11-30 06:15:00,0,0.23111096459450348
2025-11-30 06:20:00,0,0.4149726251592148
2025-11-30 06:25:00,0,0.4149726251592148
2025-11-30 06:30:00,0,0.4149726251592148
2025-11-30 06:35:00,0,0.4149726251592148
2025-11-30 06:40:00,0,0.4063809748658731
2025-11-30 06:45:00,0,0.49086674809923864
2025-11-30 06:50:00,0,0.5320972821862233
2025-11-30 06:55:00,0,0.5320972821862233
2025-11-30 07:00:00,0,0.5359972113566353
2025-11-30 07:05:00,0,0.5083313925308398
2025-11-30 07:10:00,0,0.5002968565668044
2025-11-30 07:15:00,0,0.5871411079124682
2025-11-30 07:20:00,0,0.5871411079124682
2025-11-30 07:25:00,0,0.6315503331429588
2025-11-30 07:30:00,0,0.6315503331429588
2025-11-30 07:35:00,0,0.682215293167829
2025-11-30 07:40:00,0,0.7492326709277043
2025-11-30 07:45:00,0,0.7492326709277043
2025-11-30 07:50:00,5,0.8007999709150736
2025-11-30 07:55:00,0,1.918900587863533
2025-11-30 08:00:00,0,1.2676960515037976
2025-11-30 08:05:00,0,1.2676960515037976
2025-11-30 08:10:00,0,0.7359869290414892
2025-11-30 08:15:00,0,0.7595927005941784
2025-11-30 08:20:00,0,0.7637313644688818
2025-11-30 08:25:00,0,0.7428005791026091
2025-11-30 08:30:00,2,0.7657216689041028
2025-11-30 08:35:00,0,1.4008864363747542
2025-11-30 08:40:00,0,1.1030171089409744
2025-11-30 08:45:00,0,1.1030171089409744
2025-11-30 08:50:00,0,0.9361702065595746
2025-11-30 08:55:00,0,0.8575770261245795
2025-11-30 09:00:00,0,0.8298314231135405
2025-11-30 09:05:00,0,0.6950541159661684
2025-11-30 09:10:00,0,0.7526866530512121
2025-11-30 09:15:00,0,0.7762924246039014
2025-11-30 09:20:00,0,0.7762924246039014
2025-11-30 09:25:00,0,0.7762924246039014
2025-11-30 09:30:00,0,0.9311265510841833
2025-11-30 09:35:00,0,0.9311265510841833
2025-11-30 09:40:00,0,0.8623162398917809
2025-11-30 09:45:00,0,0.8623162398917809
2025-11-30 09:50:00,0,0.9138835398791502
2025-11-30 09:55:00,0,0.6008440303105423
2025-11-30 10:00:00,0,1.0340684605631874
2025-11-30 10:05:00,0,0.9866409920341682
2025-11-30 10:10:00,0,1.0442735291192113
2025-11-30 10:15:00,0,1.010400669115382
2025-11-30 10:20:00,5,1.010400669115382
2025-11-30 10:25:00,0,2.6227336609782124
2025-11-30 10:30:00,0,1.629172383069366
2025-11-30 10:35:00,0,1.629172383069366
2025-11-30 10:40:00,0,1.1235479159531985
2025-11-30 10:45:00,2,1.1235479159531985
2025-11-30 10:50:00,0,1.7526608051561943
2025-11-30 10:55:00,0,1.4547914777224145
2025-11-30 11:00:00,0,1.3690146686397444
2025-11-30 11:05:00,0,1.0893384068578977
2025-11-30 11:10:00,1,0.6163158525300317
2025-11-30 11:15:00,0,0.9521130009582883
2025-11-30 11:20:00,0,0.8348118077474996
2025-11-30 11:25:00,0,0.880201255479952
2025-11-30 11:30:00,0,0.7681176741805026
2025-11-30 11:35:00,2,0.7681176741805026
2025-11-30 11:40:00,0,1.3817450966596392
2025-11-30 11:45:00,0,1.1213590251014278
2025-11-30 11:50:00,0,1.1906590137190634
2025-11-30 11:55:00,0,0.6355584863813161
2025-11-30 12:00:00,0,1.4267737424505096
2025-11-30 12:05:00,2,0.3934243316647429
2025-11-30 12:10:00,1,1.159727728558945
2025-11-30 12:15:00,0,1.309382406250821
2025-11-30 12:20:00,0,1.1474899998278303
2025-11-30 12:25:00,1,0.9978283259392617
2025-11-30 12:30:00,0,1.1070159279654237
2025-11-30 12:35:00,1,0.9826067774180012
2025-11-30 12:40:00,1,1.298906274613758
2025-11-30 12:45:00,0,1.2723251108566487
2025-11-30 12:50:00,0,1.0291040499165443
2025-11-30 12:55:00,1,1.32663964429197
2025-11-30 13:00:00,2,1.3652719857567222
2025-11-30 13:05:00,0,1.7142191225955203
2025-11-30 13:10:00,1,1.4163497951617405
2025-11-30 13:15:00,1,1.5643647172618518
2025-11-30 13:20:00,1,1.5643647172618518
2025-11-30 13:25:00,1,1.590190003325724
2025-11-30 13:30:00,0,1.5749684548044636
2025-11-30 13:35:00,0,1.0969303773080732
2025-11-30 13:40:00,0,1.6236545076471725
2025-11-30 13:45:00,7,0.9737151830460568
2025-11-30 13:50:00,0,2.4016422065346967
2025-11-30 13:55:00,0,1.8482586131719296
2025-11-30 14:00:00,0,1.66139843996799
2025-11-30 14:05:00,0,0.6919794291009626
2025-11-30 14:10:00,1,0.6919794291009626
2025-11-30 14:15:00,1,1.0374068558489988
2025-11-30 14:20:00,3,1.0604805572502574
2025-11-30 14:25:00,0,1.5032980417856643
2025-11-30 14:30:00,0,1.2613086344255642
2025-11-30 14:35:00,0,0.8805263026109613
2025-11-30 14:40:00,1,0.5865157553000998
2025-11-30 14:45:00,5,0.9177514374353036
2025-11-30 14:50:00,2,1.9025907028025602
2025-11-30 14:55:00,0,1.6722360111727768
2025-11-30 15:00:00,1,1.11945560155422
2025-11-30 15:05:00,4,1.1282153448243823
2025-11-30 15:10:00,0,2.1864908688147273
2025-11-30 15:15:00,4,1.8074093901523713
2025-11-30 15:20:00,2,1.6133816055360464
2025-11-30 15:25:00,3,1.8478948614102686
2025-11-30 15:30:00,0,2.3026330353732547
2025-11-30 15:35:00,0,1.790928435354351
2025-11-30 15:40:00,0,1.3834044596433481
2025-11-30 15:45:00,0,0.9866345794411279
2025-11-30 15:50:00,0,1.0834328193935974
2025-11-30 15:55:00,0,1.1279461044050472
2025-11-30 16:00:00,1,0.982087914083807
2025-11-30 16:05:00,6,1.2061420034043662
2025-11-30 16:10:00,1,2.344879182479016
2025-11-30 16:15:00,1,1.8259152652527086
2025-11-30 16:20:00,1,1.6693823277660933
2025-11-30 16:25:00,0,1.70415354186174
2025-11-30 16:30:00,0,1.564522842793057
2025-11-30 16:35:00,3,0.8574104470035887
2025-11-30 16:40:00,1,1.2935382890500446
2025-11-30 16:45:00,0,1.346026317498008
2025-11-30 16:50:00,4,1.2515803621376735
2025-11-30 16:55:00,4,1.7842291899642906
2025-11-30 17:00:00,4,2.0063987524122213
2025-11-30 17:05:00,2,2.520625537637557
2025-11-30 17:10:00,3,2.1971016253608058
2025-11-30 17:15:00,1,2.2765633077995906
2025-11-30 17:20:00,4,2.433923839632355
2025-11-30 17:25:00,3,2.621547243391634
2025-11-30 17:30:00,1,2.147514167504913
2025-11-30 17:35:00,1,2.0327738951485177
2025-11-30 17:40:00,2,1.7370458221683565
2025-11-30 17:45:00,1,1.9105059990547137
2025-11-30 17:50:00,1,1.7021465683200603
2025-11-30 17:55:00,1,-0.33557705744801125
2025-11-30 18:00:00,2,6.1396369360550365
2025-11-30 18:05:00,0,1.0552608516999185
2025-11-30 18:10:00,0,0.8778772872783112
2025-11-30 18:15:00,2,0.9827793442661242
2025-11-30 18:20:00,0,1.5158301288592615
2025-11-30 18:25:00,0,1.1356806561028574
2025-11-30 18:30:00,0,0.8114503633040829
2025-11-30 18:35:00,1,0.6911562779268544
2025-11-30 18:40:00,0,0.8354417714731077
2025-11-30 18:45:00,2,0.6359634033516413
2025-11-30 18:50:00,2,1.0958979237937887
2025-11-30 18:55:00,2,1.7738595739358785
2025-11-30 19:00:00,0,1.472266880968683
2025-11-30 19:05:00,0,1.4518844526334298
2025-11-30 19:10:00,0,0.5830025663964326
2025-11-30 19:15:00,0,0.4132896759380523
2025-11-30 19:20:00,0,0.3153015859557595
2025-11-30 19:25:00,0,0.43152773323909427
2025-11-30 19:30:00,2,0.5256464614492766
2025-11-30 19:35:00,0,0.9001325268448905
2025-11-30 19:40:00,0,0.6022631994111104
2025-11-30 19:45:00,0,0.6393338270598764
2025-11-30 19:50:00,0,0.46203370783866576
2025-11-30 19:55:00,0,0.46203370783866576
2025-11-30 20:00:00,0,0.4219025438742157
2025-11-30 20:05:00,0,0.5603810152606152
2025-11-30 20:10:00,0,0.4730095702988015
2025-11-30 20:15:00,0,0.4730095702988015
2025-11-30 20:20:00,0,0.4730095702988015
2025-11-30 20:25:00,0,0.4657197960407989
2025-11-30 20:30:00,1,0.5637078860230913
2025-11-30 20:35:00,1,0.5055058496625395
2025-11-30 20:40:00,8,0.6809928096149808
2025-11-30 20:45:00,0,1.6694705258421105
2025-11-30 20:50:00,0,0.8881015425498086
2025-11-30 20:55:00,5,0.7421236254696925
2025-11-30 21:00:00,1,1.8186684237930597
2025-11-30 21:05:00,0,1.305711969095708
2025-11-30 21:10:00,0,1.2044757144133602
2025-11-30 21:15:00,1,0.30887231468083465
2025-11-30 21:20:00,0,0.5604294525888364
2025-11-30 21:25:00,0,0.48501848397036096
2025-11-30 21:30:00,0,0.47036144769817145
2025-11-30 21:35:00,0,0.3475098774490713
2025-11-30 21:40:00,0,0.7138157839769737
2025-11-30 21:45:00,0,0.32433698158399604
2025-11-30 21:50:00,0,0.35309279869327936
2025-11-30 21:55:00,0,0.797210928803396
2025-11-30 22:00:00,0,0.41574421776756676
2025-11-30 22:05:00,0,0.41574421776756676
2025-11-30 22:10:00,0,0.41574421776756676
2025-11-30 22:15:00,0,0.24922790860558966
2025-11-30 22:20:00,0,0.21063570351651245
2025-11-30 22:25:00,0,0.21063570351651245
2025-11-30 22:30:00,0,0.21063570351651245
2025-11-30 22:35:00,0,0.21063570351651245
2025-11-30 22:40:00,0,0.21063570351651245
2025-11-30 22:45:00,0,0.21063570351651245
2025-11-30 22:50:00,1,0.12871600301749192
